{
    "id": "数据库",
    "children": [
        {
            "id": "四级1",
            "children": [
                {
                    "id": "目录1"
                },
                {
                    "id": "目录2"
                },
                {
                    "id": "目录3"
                },
                {
                    "id": "目录4"
                }
            ]
        },
        {
            "id": "四级2",
            "children": [
                {
                    "id": "五级1",
                    "children": [
                        {
                            "id": "六级1"
                        }
                    ]
                },
                {
                    "id": "五级2",
                    "children": [
                        {
                            "id": "六级1"
                        },
                        {
                            "id": "六级2"
                        }
                    ]
                }
            ]
        },
        {
            "id": "二级1",
            "children": [
                {
                    "id": "一级1"
                },
                {
                    "id": "一级2"
                },
                {
                    "id": "一级3"
                },
                {
                    "id": "一级4"
                },
                {
                    "id": "一级5"
                }
            ]
        },
        {
            "id": "二级2",
            "children": [
                {
                    "id": "一级1"
                },
                {
                    "id": "一级2"
                },
                {
                    "id": "一级3"
                },
                {
                    "id": "一级4"
                },
                {
                    "id": "一级5"
                }
            ]
        }
    ]
}